0.0,-6.989524144498766e-10
0.5,-6.989524145286401e-10
1.0,-6.989524146004777e-10
1.5,-6.98952414665781e-10
2.0,-6.989524147248943e-10
2.5,-6.989524147781161e-10
3.0,-6.989524148257014e-10
3.5,-6.98952414867865e-10
4.0,-6.989524149047835e-10
4.5,-6.989524149365964e-10
5.0,-6.989524149634073e-10
5.5,-6.989524149852861e-10
6.0,-6.989524150022684e-10
6.5,-6.989524150143579e-10
7.0,-6.98952415021525e-10
7.5,-6.989524150237079e-10
8.0,-6.989524150208103e-10
8.5,-6.989524150127047e-10
9.0,-6.989524149992296e-10
9.5,-6.989524149801884e-10
10.0,-6.989524149553504e-10
10.5,-6.989524149244496e-10
11.0,-6.989524148871811e-10
11.5,-6.989524148432042e-10
12.0,-6.989524147921401e-10
12.5,-6.989524147335713e-10
13.0,-6.989524146670404e-10
13.5,-6.989524145920521e-10
14.0,-6.989524145080757e-10
14.5,-6.989524144145429e-10
15.0,-6.989524143108571e-10
15.5,-6.989524141963929e-10
16.0,-6.989524140705099e-10
16.5,-6.989524139325575e-10
17.0,-6.989524137818937e-10
17.5,-6.98952413617903e-10
18.0,-6.989524134400196e-10
18.5,-6.989524132477637e-10
19.0,-6.989524130407769e-10
19.5,-6.989524128188766e-10
20.0,-6.989524125821159e-10
20.5,-6.989524123308547e-10
21.0,-6.989524120658525e-10
21.5,-6.989524117883596e-10
22.0,-6.989524115002347e-10
22.5,-6.989524112040612e-10
23.0,-6.989524109032685e-10
23.5,-6.989524106022527e-10
24.0,-6.989524103064797e-10
24.5,-6.989524100225587e-10
25.0,-6.989524097582762e-10
25.5,-6.989524095225636e-10
26.0,-6.98952409325392e-10
26.5,-6.989524091775684e-10
27.0,-6.989524090904389e-10
27.5,-6.989524090754841e-10
28.0,-6.989524091438298e-10
28.5,-6.989524093056883e-10
29.0,-6.989524095697738e-10
29.5,-6.989524099427301e-10
30.0,-6.989524104286309e-10
30.5,-6.989524110285953e-10
31.0,-6.989524117405667e-10
31.5,-6.989524125592856e-10
32.0,-6.989524134764549e-10
32.5,-6.989524144810988e-10
33.0,-6.989524155600776e-10
33.5,-6.989524166987083e-10
34.0,-6.989524178814468e-10
34.5,-6.989524190925595e-10
35.0,-6.989524203167491e-10
35.5,-6.989524215396855e-10
36.0,-6.989524227484191e-10
36.5,-6.989524239316643e-10
37.0,-6.989524250799594e-10
37.5,-6.989524261857103e-10
38.0,-6.989524272431381e-10
38.5,-6.989524282481601e-10
39.0,-6.989524291982124e-10
39.5,-6.989524300920554e-10
40.0,-6.989524309295568e-10
40.5,-6.989524317114865e-10
41.0,-6.989524324393203e-10
41.5,-6.989524331150649e-10
42.0,-6.989524337411039e-10
42.5,-6.98952434320068e-10
43.0,-6.989524348547284e-10
43.5,-6.989524353479105e-10
44.0,-6.989524358024301e-10
44.5,-6.989524362210402e-10
45.0,-6.989524366063958e-10
45.5,-6.9895243696103e-10
46.0,-6.989524372873332e-10
46.5,-6.989524375875505e-10
47.0,-6.989524378637723e-10
47.5,-6.989524381179379e-10
48.0,-6.989524383518375e-10
48.5,-6.989524385671192e-10
49.0,-6.989524387652917e-10
49.5,-6.989524389477367e-10
50.0,-6.989524391157139e-10
50.5,-6.989524392703701e-10
51.0,-6.989524394127478e-10
51.5,-6.989524395437898e-10
52.0,-6.989524396643506e-10
52.5,-6.989524397752016e-10
53.0,-6.989524398770364e-10
53.5,-6.989524399704784e-10
54.0,-6.989524400560847e-10
54.5,-6.989524401343533e-10
55.0,-6.989524402057244e-10
55.5,-6.989524402705872e-10
56.0,-6.989524403292828e-10
56.5,-6.989524403821053e-10
57.0,-6.989524404293074e-10
57.5,-6.989524404710997e-10
58.0,-6.98952440507657e-10
58.5,-6.989524405391159e-10
59.0,-6.989524405655772e-10
59.5,-6.98952440587108e-10
60.0,-6.989524406037423e-10
60.5,-6.989524406154808e-10
61.0,-6.989524406222909e-10
61.5,-6.989524406241084e-10
62.0,-6.989524406208357e-10
62.5,-6.989524406123412e-10
63.0,-6.989524405984618e-10
63.5,-6.989524405789986e-10
64.0,-6.989524405537168e-10
64.5,-6.98952440522349e-10
65.0,-6.989524404845872e-10
65.5,-6.989524404400871e-10
66.0,-6.98952440388468e-10
66.5,-6.989524403293078e-10
67.0,-6.989524402621482e-10
67.5,-6.989524401864901e-10
68.0,-6.989524401017997e-10
68.5,-6.989524400075071e-10
69.0,-6.989524399030129e-10
69.5,-6.98952439787691e-10
70.0,-6.989524396608984e-10
70.5,-6.989524395219858e-10
71.0,-6.989524393703118e-10
71.5,-6.989524392052636e-10
72.0,-6.989524390262819e-10
72.5,-6.989524388328937e-10
73.0,-6.989524386247528e-10
73.5,-6.989524384016919e-10
74.0,-6.989524381637845e-10
74.5,-6.989524379114193e-10
75.0,-6.989524376453879e-10
75.5,-6.989524373669845e-10
76.0,-6.989524370781177e-10
76.5,-6.98952436781431e-10
77.0,-6.98952436480425e-10
77.5,-6.989524361795738e-10
78.0,-6.989524358844277e-10
78.5,-6.989524356016851e-10
79.0,-6.989524353392222e-10
79.5,-6.989524351060542e-10
80.0,-6.989524349122248e-10
80.5,-6.989524347685939e-10
81.0,-6.989524346865322e-10
81.5,-6.989524346775122e-10
82.0,-6.989524347526097e-10
82.5,-6.989524349219432e-10
83.0,-6.98952435194089e-10
83.5,-6.989524355755099e-10
84.0,-6.989524360700666e-10
84.5,-6.98952436678641e-10
85.0,-6.989524373989319e-10
85.5,-6.98952438225438e-10
86.0,-6.98952439149644e-10
86.5,-6.98952440160389e-10
87.0,-6.989524412443932e-10
87.5,-6.989524423868837e-10
88.0,-6.989524435722788e-10
88.5,-6.989524447848576e-10
89.0,-6.989524460093798e-10
89.5,-6.989524472316079e-10
90.0,-6.989524484387109e-10
90.5,-6.989524496195383e-10
91.0,-6.98952450764771e-10
91.5,-6.989524518669556e-10
92.0,-6.989524529204492e-10
92.5,-6.989524539212904e-10
93.0,-6.989524548670241e-10
93.5,-6.989524557565024e-10
94.0,-6.989524565896689e-10
94.5,-6.989524573673539e-10
95.0,-6.989524580910799e-10
95.5,-6.989524587628876e-10
96.0,-6.989524593851835e-10
96.5,-6.989524599606119e-10
97.0,-6.989524604919507e-10
97.5,-6.989524609820287e-10
98.0,-6.989524614336558e-10
98.5,-6.989524618495813e-10
99.0,-6.989524622324493e-10
99.5,-6.989524625847832e-10
100.0,-6.989524629089635e-10
100.5,-6.989524632072218e-10
101.0,-6.989524634816387e-10
101.5,-6.98952463734141e-10
102.0,-6.989524639665087e-10
102.5,-6.989524641803766e-10
103.0,-6.989524643772463e-10
103.5,-6.989524645584892e-10
104.0,-6.989524647253552e-10
104.5,-6.989524648789838e-10
105.0,-6.989524650204084e-10
105.5,-6.989524651505659e-10
106.0,-6.989524652703048e-10
106.5,-6.989524653803888e-10
107.0,-6.989524654815071e-10
107.5,-6.989524655742772e-10
108.0,-6.989524656592516e-10
108.5,-6.989524657369243e-10
109.0,-6.989524658077313e-10
109.5,-6.989524658720585e-10
110.0,-6.989524659302411e-10
110.5,-6.989524659825723e-10
111.0,-6.989524660293008e-10
111.5,-6.989524660706347e-10
112.0,-6.989524661067455e-10
112.5,-6.989524661377665e-10
113.0,-6.989524661637964e-10
113.5,-6.989524661849005e-10
114.0,-6.98952466201109e-10
114.5,-6.989524662124208e-10
115.0,-6.989524662188007e-10
115.5,-6.989524662201814e-10
116.0,-6.989524662164638e-10
116.5,-6.989524662075139e-10
117.0,-6.989524661931647e-10
117.5,-6.989524661732155e-10
118.0,-6.989524661474296e-10
118.5,-6.989524661155341e-10
119.0,-6.989524660772204e-10
119.5,-6.989524660321418e-10
120.0,-6.98952465979913e-10
120.5,-6.989524659201088e-10
121.0,-6.989524658522697e-10
121.5,-6.989524657758927e-10
122.0,-6.989524656904413e-10
122.5,-6.989524655953428e-10
123.0,-6.989524654899963e-10
123.5,-6.989524653737732e-10
124.0,-6.989524652460305e-10
124.5,-6.989524651061176e-10
125.0,-6.989524649533956e-10
125.5,-6.989524647872553e-10
126.0,-6.989524646071419e-10
126.5,-6.989524644125903e-10
127.0,-6.989524642032662e-10
127.5,-6.989524639790188e-10
128.0,-6.989524637399428e-10
128.5,-6.989524634864539e-10
129.0,-6.989524632193789e-10
129.5,-6.989524629400546e-10
130.0,-6.989524626504432e-10
130.5,-6.989524623532475e-10
131.0,-6.989524620520385e-10
131.5,-6.98952461751369e-10
132.0,-6.989524614568755e-10
132.5,-6.98952461175347e-10
133.0,-6.989524609147478e-10
133.5,-6.989524606841771e-10
134.0,-6.989524604937484e-10
134.5,-6.989524603543736e-10
135.0,-6.989524602774477e-10
135.5,-6.989524602744298e-10
136.0,-6.989524603563435e-10
136.5,-6.989524605332109e-10
137.0,-6.989524608134651e-10
137.5,-6.989524612033883e-10
138.0,-6.989524617066225e-10
138.5,-6.989524623238127e-10
139.0,-6.98952463052411e-10
139.5,-6.98952463886677e-10
140.0,-6.989524648178779e-10
140.5,-6.989524658346712e-10
141.0,-6.989524669236382e-10
141.5,-6.989524680699214e-10
142.0,-6.989524692579055e-10
142.5,-6.989524704718842e-10
143.0,-6.989524716966775e-10
143.5,-6.989524729181425e-10
144.0,-6.989524741235682e-10
144.5,-6.989524753019417e-10
145.0,-6.989524764440849e-10
145.5,-6.989524775426876e-10
146.0,-6.989524785922385e-10
146.5,-6.989524795888987e-10
147.0,-6.989524805303217e-10
147.5,-6.989524814154481e-10
148.0,-6.989524822442985e-10
148.5,-6.98952483017762e-10
149.0,-6.989524837374055e-10
149.5,-6.989524844053043e-10
150.0,-6.98952485023886e-10
150.5,-6.989524855958095e-10
151.0,-6.989524861238595e-10
151.5,-6.989524866108634e-10
152.0,-6.9895248705963e-10
152.5,-6.989524874729005e-10
153.0,-6.989524878533117e-10
153.5,-6.989524882033754e-10
154.0,-6.989524885254615e-10
154.5,-6.989524888217903e-10
155.0,-6.989524890944296e-10
155.5,-6.989524893452958e-10
156.0,-6.989524895761566e-10
156.5,-6.989524897886378e-10
157.0,-6.989524899842296e-10
157.5,-6.989524901642941e-10
158.0,-6.989524903300728e-10
158.5,-6.989524904826972e-10
159.0,-6.989524906231918e-10
159.5,-6.989524907524877e-10
160.0,-6.98952490871426e-10
160.5,-6.989524909807646e-10
161.0,-6.989524910811865e-10
161.5,-6.989524911733051e-10
162.0,-6.98952491257668e-10
162.5,-6.989524913347638e-10
163.0,-6.989524914050249e-10
163.5,-6.989524914688337e-10
164.0,-6.989524915265225e-10
164.5,-6.98952491578379e-10
165.0,-6.989524916246509e-10
165.5,-6.989524916655424e-10
166.0,-6.989524917012221e-10
166.5,-6.989524917318204e-10
167.0,-6.989524917574345e-10
167.5,-6.989524917781253e-10
168.0,-6.989524917939218e-10
168.5,-6.989524918048199e-10
169.0,-6.989524918107824e-10
169.5,-6.989524918117388e-10
170.0,-6.989524918075879e-10
170.5,-6.98952491798193e-10
171.0,-6.989524917833845e-10
171.5,-6.98952491762959e-10
172.0,-6.98952491736677e-10
172.5,-6.989524917042638e-10
173.0,-6.989524916654064e-10
173.5,-6.989524916197563e-10
174.0,-6.989524915669244e-10
174.5,-6.989524915064846e-10
175.0,-6.989524914379711e-10
175.5,-6.989524913608803e-10
176.0,-6.989524912746724e-10
176.5,-6.989524911787734e-10
177.0,-6.989524910725783e-10
177.5,-6.989524909554584e-10
178.0,-6.989524908267691e-10
178.5,-6.989524906858605e-10
179.0,-6.989524905320952e-10
179.5,-6.989524903648659e-10
180.0,-6.98952490183625e-10
180.5,-6.98952489987915e-10
181.0,-6.989524897774145e-10
181.5,-6.989524895519875e-10
182.0,-6.989524893117517e-10
182.5,-6.989524890571495e-10
183.0,-6.989524887890439e-10
183.5,-6.98952488508815e-10
184.0,-6.989524882184765e-10
184.5,-6.989524879207942e-10
185.0,-6.989524876194098e-10
185.5,-6.989524873189559e-10
186.0,-6.989524870251542e-10
186.5,-6.989524867448835e-10
187.0,-6.989524864861974e-10
187.5,-6.98952486258279e-10
188.0,-6.989524860713095e-10
188.5,-6.989524859362526e-10
189.0,-6.989524858645229e-10
189.5,-6.989524858675667e-10
190.0,-6.989524859563501e-10
190.5,-6.989524861407962e-10
191.0,-6.989524864291919e-10
191.5,-6.989524868276334e-10
192.0,-6.989524873395466e-10
192.5,-6.989524879653355e-10
193.0,-6.989524887022063e-10
193.5,-6.989524895441801e-10
194.0,-6.989524904823088e-10
194.5,-6.989524915050713e-10
195.0,-6.989524925989156e-10
195.5,-6.989524937489018e-10
196.0,-6.989524949393842e-10
196.5,-6.989524961546757e-10
197.0,-6.989524973796591e-10
197.5,-6.989524986002888e-10
198.0,-6.989524998039753e-10
198.5,-6.98952500979842e-10
199.0,-6.989525021188549e-10
199.5,-6.989525032138431e-10
200.0,-6.989525042594298e-10
200.5,-6.98952505251896e-10
201.0,-6.989525061890008e-10
201.5,-6.989525070697758e-10
202.0,-6.989525078943141e-10
202.5,-6.989525086635634e-10
203.0,-6.989525093791364e-10
203.5,-6.989525100431383e-10
204.0,-6.989525106580203e-10
204.5,-6.989525112264529e-10
205.0,-6.989525117512273e-10
205.5,-6.989525122351727e-10
206.0,-6.989525126810934e-10
206.5,-6.989525130917221e-10
207.0,-6.989525134696894e-10
207.5,-6.989525138174952e-10
208.0,-6.989525141374983e-10
208.5,-6.98952514431908e-10
209.0,-6.989525147027798e-10
209.5,-6.989525149520196e-10
210.0,-6.98952515181383e-10
210.5,-6.989525153924861e-10
211.0,-6.989525155868087e-10
211.5,-6.989525157657026e-10
212.0,-6.989525159304019e-10
212.5,-6.989525160820284e-10
213.0,-6.98952516221601e-10
213.5,-6.989525163500429e-10
214.0,-6.989525164681869e-10
214.5,-6.989525165767877e-10
215.0,-6.989525166765215e-10
215.5,-6.989525167679966e-10
216.0,-6.989525168517564e-10
216.5,-6.989525169282842e-10
217.0,-6.989525169980092e-10
217.5,-6.989525170613093e-10
218.0,-6.98952517118514e-10
218.5,-6.989525171699078e-10
219.0,-6.98952517215734e-10
219.5,-6.989525172561955e-10
220.0,-6.989525172914574e-10
220.5,-6.989525173216471e-10
221.0,-6.989525173468597e-10
221.5,-6.989525173671525e-10
222.0,-6.989525173825536e-10
222.5,-6.989525173930552e-10
223.0,-6.989525173986179e-10
223.5,-6.989525173991692e-10
224.0,-6.989525173946043e-10
224.5,-6.989525173847861e-10
225.0,-6.989525173695399e-10
225.5,-6.989525173486614e-10
226.0,-6.989525173219076e-10
226.5,-6.989525172890012e-10
227.0,-6.989525172496265e-10
227.5,-6.989525172034316e-10
228.0,-6.989525171500254e-10
228.5,-6.989525170889784e-10
229.0,-6.98952517019822e-10
229.5,-6.989525169420498e-10
230.0,-6.989525168551191e-10
230.5,-6.989525167584533e-10
231.0,-6.989525166514455e-10
231.5,-6.989525165334652e-10
232.0,-6.989525164038677e-10
232.5,-6.989525162620033e-10
233.0,-6.989525161072354e-10
233.5,-6.989525159389607e-10
234.0,-6.989525157566379e-10
234.5,-6.989525155598172e-10
235.0,-6.989525153481897e-10
235.5,-6.989525151216367e-10
236.0,-6.989525148802982e-10
236.5,-6.989525146246451e-10
237.0,-6.989525143555761e-10
237.5,-6.989525140745161e-10
238.0,-6.989525137835315e-10
238.5,-6.989525134854501e-10
239.0,-6.989525131839868e-10
239.5,-6.98952512883854e-10
240.0,-6.989525125908596e-10
240.5,-6.989525123119725e-10
241.0,-6.989525120553345e-10
241.5,-6.989525118302109e-10
242.0,-6.989525116468536e-10
242.5,-6.989525115162704e-10
243.0,-6.989525114498956e-10
243.5,-6.989525114591575e-10
244.0,-6.989525115549634e-10
244.5,-6.989525117471299e-10
245.0,-6.989525120437978e-10
245.5,-6.989525124508741e-10
246.0,-6.989525129715636e-10
246.5,-6.989525136060314e-10
247.0,-6.989525143512357e-10
247.5,-6.989525152009614e-10
248.0,-6.98952516146049e-10
248.5,-6.989525171748005e-10
249.0,-6.989525182735353e-10
249.5,-6.989525194272356e-10
250.0,-6.989525206202291e-10
250.5,-6.989525218368532e-10
251.0,-6.989525230620541e-10
251.5,-6.989525242818872e-10
252.0,-6.989525254838861e-10
252.5,-6.989525266573115e-10
253.0,-6.989525277932718e-10
253.5,-6.989525288847375e-10
254.0,-6.989525299264625e-10
254.5,-6.989525309148488e-10
255.0,-6.989525318477586e-10
255.5,-6.989525327243126e-10
256.0,-6.989525335446752e-10
256.5,-6.989525343098531e-10
257.0,-6.989525350215011e-10
257.5,-6.989525356817568e-10
258.0,-6.989525362930905e-10
258.5,-6.98952536858187e-10
259.0,-6.989525373798415e-10
259.5,-6.989525378608852e-10
260.0,-6.989525383041164e-10
260.5,-6.989525387122631e-10
261.0,-6.98952539087944e-10
261.5,-6.989525394336508e-10
262.0,-6.989525397517301e-10
262.5,-6.989525400443805e-10
263.0,-6.989525403136452e-10
263.5,-6.989525405614174e-10
264.0,-6.989525407894434e-10
264.5,-6.989525409993282e-10
265.0,-6.989525411925409e-10
265.5,-6.989525413704246e-10
266.0,-6.989525415342047e-10
266.5,-6.989525416849937e-10
267.0,-6.989525418238037e-10
267.5,-6.989525419515507e-10
268.0,-6.989525420690616e-10
268.5,-6.989525421770835e-10
269.0,-6.989525422762882e-10
269.5,-6.989525423672788e-10
270.0,-6.989525424505935e-10
270.5,-6.989525425267115e-10
271.0,-6.989525425960581e-10
271.5,-6.989525426590066e-10
272.0,-6.989525427158839e-10
272.5,-6.989525427669707e-10
273.0,-6.989525428125072e-10
273.5,-6.989525428526928e-10
274.0,-6.989525428876896e-10
274.5,-6.989525429176237e-10
275.0,-6.989525429425855e-10
275.5,-6.989525429626318e-10
276.0,-6.989525429777862e-10
276.5,-6.989525429880399e-10
277.0,-6.989525429933499e-10
277.5,-6.989525429936419e-10
278.0,-6.989525429888082e-10
278.5,-6.989525429787073e-10
279.0,-6.989525429631654e-10
279.5,-6.989525429419726e-10
280.0,-6.989525429148844e-10
280.5,-6.9895254288162e-10
281.0,-6.989525428418621e-10
281.5,-6.989525427952547e-10
282.0,-6.989525427414036e-10
282.5,-6.989525426798759e-10
283.0,-6.989525426102014e-10
283.5,-6.989525425318699e-10
284.0,-6.989525424443359e-10
284.5,-6.989525423470208e-10
285.0,-6.989525422393148e-10
285.5,-6.989525421205871e-10
286.0,-6.989525419901907e-10
286.5,-6.989525418474771e-10
287.0,-6.989525416918121e-10
287.5,-6.989525415225951e-10
288.0,-6.989525413392895e-10
288.5,-6.989525411414562e-10
289.0,-6.989525409287986e-10
289.5,-6.989525407012154e-10
290.0,-6.989525404588672e-10
290.5,-6.989525402022566e-10
291.0,-6.989525399323169e-10
291.5,-6.98952539650519e-10
292.0,-6.989525393589826e-10
292.5,-6.989525390606002e-10
293.0,-6.989525387591571e-10
293.5,-6.989525384594467e-10
294.0,-6.989525381673648e-10
294.5,-6.989525378899697e-10
295.0,-6.989525376354925e-10
295.5,-6.989525374132779e-10
296.0,-6.989525372336465e-10
296.5,-6.989525371076519e-10
297.0,-6.98952537046743e-10
297.5,-6.989525370623272e-10
298.0,-6.989525371652498e-10
298.5,-6.989525373652201e-10
299.0,-6.989525376702248e-10
299.5,-6.989525380859813e-10
300.0,-6.989525386154719e-10
300.5,-6.989525392586181e-10
301.0,-6.989525400121343e-10
301.5,-6.98952540869569e-10
302.0,-6.98952541821551e-10
302.5,-6.989525428562116e-10
303.0,-6.989525439597433e-10
303.5,-6.989525451170548e-10
304.0,-6.989525463124506e-10
304.5,-6.98952547530296e-10
305.0,-6.989525487556061e-10
305.5,-6.989525499745367e-10
306.0,-6.989525511747472e-10
306.5,-6.989525523456364e-10
307.0,-6.989525534784574e-10
307.5,-6.989525545663182e-10
308.0,-6.989525556041061e-10
308.5,-6.98952556588341e-10
309.0,-6.989525575169897e-10
309.5,-6.989525583892582e-10
310.0,-6.989525592053847e-10
310.5,-6.989525599664303e-10
311.0,-6.989525606740926e-10
311.5,-6.989525613305398e-10
312.0,-6.98952561938263e-10
312.5,-6.98952562499958e-10
313.0,-6.989525630184258e-10
313.5,-6.989525634964959e-10
314.0,-6.98952563936964e-10
314.5,-6.989525643425499e-10
315.0,-6.989525647158641e-10
315.5,-6.989525650593868e-10
316.0,-6.989525653754539e-10
316.5,-6.989525656662509e-10
317.0,-6.989525659338105e-10
317.5,-6.989525661800151e-10
318.0,-6.989525664065993e-10
318.5,-6.98952566615157e-10
319.0,-6.989525668071479e-10
319.5,-6.989525669839062e-10
320.0,-6.98952567146647e-10
320.5,-6.989525672964768e-10
321.0,-6.989525674343986e-10
321.5,-6.989525675613219e-10
322.0,-6.989525676780676e-10
322.5,-6.989525677853765e-10
323.0,-6.989525678839153e-10
323.5,-6.989525679742815e-10
324.0,-6.989525680570086e-10
324.5,-6.989525681325728e-10
325.0,-6.989525682013938e-10
325.5,-6.989525682638422e-10
326.0,-6.989525683202406e-10
326.5,-6.989525683708672e-10
327.0,-6.989525684159591e-10
327.5,-6.989525684557119e-10
328.0,-6.98952568490286e-10
328.5,-6.989525685198042e-10
329.0,-6.989525685443548e-10
329.5,-6.989525685639919e-10
330.0,-6.989525685787365e-10
330.5,-6.989525685885768e-10
331.0,-6.98952568593468e-10
331.5,-6.989525685933331e-10
332.0,-6.989525685880611e-10
332.5,-6.989525685775102e-10
333.0,-6.98952568561502e-10
333.5,-6.989525685398243e-10
334.0,-6.989525685122308e-10
334.5,-6.989525684784374e-10
335.0,-6.989525684381232e-10
335.5,-6.9895256839093e-10
336.0,-6.989525683364613e-10
336.5,-6.989525682742808e-10
337.0,-6.989525682039147e-10
337.5,-6.989525681248509e-10
338.0,-6.989525680365402e-10
338.5,-6.989525679384029e-10
339.0,-6.989525678298268e-10
339.5,-6.989525677101786e-10
340.0,-6.989525675788122e-10
340.5,-6.989525674350785e-10
341.0,-6.989525672783449e-10
341.5,-6.989525671080159e-10
342.0,-6.989525669235604e-10
342.5,-6.989525667245482e-10
343.0,-6.989525665106953e-10
343.5,-6.989525662819181e-10
344.0,-6.989525660384015e-10
344.5,-6.989525657806763e-10
345.0,-6.989525655097141e-10
345.5,-6.989525652270308e-10
346.0,-6.989525649348008e-10
346.5,-6.989525646359809e-10
347.0,-6.989525643344296e-10
347.5,-6.989525640350217e-10
348.0,-6.989525637437407e-10
348.5,-6.989525634677349e-10
349.0,-6.989525632153224e-10
349.5,-6.989525629959318e-10
350.0,-6.989525628199473e-10
350.5,-6.989525626984655e-10
351.0,-6.989525626429516e-10
351.5,-6.989525626647867e-10
352.0,-6.989525627747518e-10
352.5,-6.989525629824443e-10
353.0,-6.98952563295697e-10
353.5,-6.989525637200316e-10
354.0,-6.989525642582069e-10
354.5,-6.989525649099017e-10
355.0,-6.989525656715845e-10
355.5,-6.989525665365685e-10
356.0,-6.989525674952753e-10
356.5,-6.989525685356652e-10
357.0,-6.989525696438091e-10
357.5,-6.989525708045447e-10
358.0,-6.989525720021599e-10
358.5,-6.989525732210471e-10
359.0,-6.989525744462946e-10
359.5,-6.989525756641619e-10
360.0,-6.989525768624333e-10
360.5,-6.98952578030649e-10
361.0,-6.989525791602022e-10
361.5,-6.989525802443434e-10
362.0,-6.989525812780897e-10
362.5,-6.989525822580789e-10
363.0,-6.989525831823784e-10
363.5,-6.989525840502835e-10
364.0,-6.989525848621e-10
364.5,-6.989525856189453e-10
365.0,-6.98952586322559e-10
365.5,-6.989525869751379e-10
366.0,-6.98952587579193e-10
366.5,-6.989525881374311e-10
367.0,-6.989525886526592e-10
367.5,-6.989525891277051e-10
368.0,-6.9895258956536e-10
368.5,-6.989525899683369e-10
369.0,-6.989525903392359e-10
369.5,-6.989525906805278e-10
370.0,-6.989525909945366e-10
370.5,-6.98952591283437e-10
371.0,-6.989525915492489e-10
371.5,-6.989525917938435e-10
372.0,-6.989525920189446e-10
372.5,-6.989525922261363e-10
373.0,-6.989525924168676e-10
373.5,-6.98952592592464e-10
374.0,-6.989525927541308e-10
374.5,-6.98952592902968e-10
375.0,-6.989525930399698e-10
375.5,-6.989525931660394e-10
376.0,-6.989525932819905e-10
376.5,-6.989525933885592e-10
377.0,-6.989525934864065e-10
377.5,-6.98952593576124e-10
378.0,-6.989525936582409e-10
378.5,-6.989525937332295e-10
379.0,-6.989525938015055e-10
379.5,-6.989525938634358e-10
380.0,-6.989525939193383e-10
380.5,-6.989525939694892e-10
381.0,-6.989525940141217e-10
381.5,-6.989525940534302e-10
382.0,-6.989525940875701e-10
382.5,-6.989525941166623e-10
383.0,-6.989525941407924e-10
383.5,-6.989525941600116e-10
384.0,-6.989525941743388e-10
384.5,-6.989525941837598e-10
385.0,-6.989525941882273e-10
385.5,-6.989525941876613e-10
386.0,-6.989525941819494e-10
386.5,-6.989525941709456e-10
387.0,-6.989525941544704e-10
387.5,-6.989525941323075e-10
388.0,-6.989525941042084e-10
388.5,-6.989525940698869e-10
389.0,-6.989525940290186e-10
389.5,-6.989525939812421e-10
390.0,-6.989525939261581e-10
390.5,-6.989525938633278e-10
391.0,-6.989525937922742e-10
391.5,-6.989525937124818e-10
392.0,-6.989525936234007e-10
392.5,-6.989525935244459e-10
393.0,-6.989525934150058e-10
393.5,-6.989525932944442e-10
394.0,-6.989525931621149e-10
394.5,-6.989525930173693e-10
395.0,-6.98952592859577e-10
395.5,-6.989525926881461e-10
396.0,-6.989525925025515e-10
396.5,-6.989525923023738e-10
397.0,-6.989525920873404e-10
397.5,-6.989525918573878e-10
398.0,-6.989525916127225e-10
398.5,-6.989525913539068e-10
399.0,-6.989525910819484e-10
399.5,-6.989525907984116e-10
400.0,-6.989525905055247e-10
400.5,-6.98952590206309e-10
401.0,-6.989525899046978e-10
401.5,-6.989525896056473e-10
402.0,-6.98952589315228e-10
402.5,-6.989525890406788e-10
403.0,-6.98952588790405e-10
403.5,-6.989525885739155e-10
404.0,-6.989525884016579e-10
404.5,-6.989525882847724e-10
405.0,-6.989525882347319e-10
405.5,-6.989525882628944e-10
406.0,-6.989525883799681e-10
406.5,-6.98952588595438e-10
407.0,-6.989525889169782e-10
407.5,-6.989525893499147e-10
408.0,-6.989525898967779e-10
408.5,-6.98952590557006e-10
409.0,-6.989525913268197e-10
409.5,-6.989525921993017e-10
410.0,-6.989525931646666e-10
410.5,-6.989525942107103e-10
411.0,-6.989525953233848e-10
411.5,-6.989525964874623e-10
412.0,-6.989525976872141e-10
412.5,-6.989525989070684e-10
413.0,-6.989526001321866e-10
413.5,-6.989526013489327e-10
414.0,-6.989526025452206e-10
414.5,-6.989526037107278e-10
415.0,-6.989526048369919e-10
415.5,-6.989526059174019e-10
416.0,-6.989526069471047e-10
416.5,-6.989526079228532e-10
417.0,-6.989526088428182e-10
417.5,-6.989526097063788e-10
418.0,-6.989526105139097e-10
418.5,-6.989526112665818e-10
419.0,-6.989526119661752e-10
419.5,-6.989526126149162e-10
420.0,-6.989526132153344e-10
420.5,-6.989526137701481e-10
421.0,-6.989526142821671e-10
421.5,-6.989526147542187e-10
422.0,-6.989526151890898e-10
422.5,-6.989526155894853e-10
423.0,-6.98952615957998e-10
423.5,-6.98952616297085e-10
424.0,-6.989526166090606e-10
424.5,-6.989526168960875e-10
425.0,-6.989526171601743e-10
425.5,-6.989526174031805e-10
426.0,-6.989526176268193e-10
426.5,-6.989526178326631e-10
427.0,-6.989526180221532e-10
427.5,-6.989526181966032e-10
428.0,-6.989526183572126e-10
428.5,-6.989526185050708e-10
429.0,-6.989526186411668e-10
429.5,-6.989526187663948e-10
430.0,-6.989526188815641e-10
430.5,-6.989526189874034e-10
431.0,-6.989526190845685e-10
431.5,-6.989526191736463e-10
432.0,-6.989526192551623e-10
432.5,-6.989526193295827e-10
433.0,-6.989526193973204e-10
433.5,-6.989526194587375e-10
434.0,-6.989526195141504e-10
434.5,-6.989526195638302e-10
435.0,-6.989526196080086e-10
435.5,-6.989526196468746e-10
436.0,-6.989526196805831e-10
436.5,-6.989526197092512e-10
437.0,-6.989526197329623e-10
437.5,-6.989526197517656e-10
438.0,-6.98952619765676e-10
438.5,-6.989526197746781e-10
439.0,-6.989526197787211e-10
439.5,-6.98952619777723e-10
440.0,-6.989526197715694e-10
440.5,-6.98952619760111e-10
441.0,-6.989526197431657e-10
441.5,-6.989526197205156e-10
442.0,-6.989526196919085e-10
442.5,-6.989526196570546e-10
443.0,-6.989526196156281e-10
443.5,-6.989526195672646e-10
444.0,-6.98952619511561e-10
444.5,-6.989526194480757e-10
445.0,-6.98952619376329e-10
445.5,-6.989526192958031e-10
446.0,-6.989526192059446e-10
446.5,-6.989526191061671e-10
447.0,-6.989526189958555e-10
447.5,-6.989526188743741e-10
448.0,-6.989526187410748e-10
448.5,-6.98952618595311e-10
449.0,-6.989526184364529e-10
449.5,-6.989526182639135e-10
450.0,-6.989526180771747e-10
450.5,-6.989526178758252e-10
451.0,-6.989526176596089e-10
451.5,-6.989526174284777e-10
452.0,-6.989526171826643e-10
452.5,-6.989526169227596e-10
453.0,-6.98952616649813e-10
453.5,-6.98952616365432e-10
454.0,-6.989526160719032e-10
454.5,-6.989526157723138e-10
455.0,-6.989526154706719e-10
455.5,-6.989526151720142e-10
456.0,-6.989526148825012e-10
456.5,-6.989526146094609e-10
457.0,-6.989526143613873e-10
457.5,-6.989526141478669e-10
458.0,-6.989526139794108e-10
458.5,-6.98952613867198e-10
459.0,-6.989526138227105e-10
459.5,-6.989526138572749e-10
460.0,-6.989526139815272e-10
460.5,-6.989526142048334e-10
461.0,-6.989526145347061e-10
461.5,-6.989526149762705e-10
462.0,-6.989526155318305e-10
462.5,-6.989526162005787e-10
463.0,-6.989526169784909e-10
463.5,-6.989526178584174e-10
464.0,-6.989526188303717e-10
464.5,-6.989526198819856e-10
465.0,-6.989526209990979e-10
465.5,-6.989526221664174e-10
466.0,-6.989526233682076e-10
466.5,-6.989526245889323e-10
467.0,-6.989526258138305e-10
467.5,-6.989526270293751e-10
468.0,-6.989526282236081e-10
468.5,-6.989526293863483e-10
469.0,-6.989526305092768e-10
469.5,-6.989526315859206e-10
470.0,-6.989526326115557e-10
470.5,-6.989526335830526e-10
471.0,-6.989526344986794e-10
471.5,-6.989526353578986e-10
472.0,-6.989526361611537e-10
472.5,-6.989526369096691e-10
473.0,-6.989526376052636e-10
473.5,-6.989526382501907e-10
474.0,-6.989526388470009e-10
474.5,-6.98952639398419e-10
475.0,-6.989526399072609e-10
475.5,-6.989526403763522e-10
476.0,-6.989526408084743e-10
476.5,-6.989526412063254e-10
477.0,-6.989526415724867e-10
477.5,-6.989526419094072e-10
478.0,-6.989526422193878e-10
478.5,-6.9895264250458e-10
479.0,-6.989526427669806e-10
479.5,-6.989526430084395e-10
480.0,-6.989526432306571e-10
480.5,-6.98952643435196e-10
481.0,-6.989526436234867e-10
481.5,-6.989526437968356e-10
482.0,-6.989526439564316e-10
482.5,-6.989526441033576e-10
483.0,-6.989526442385936e-10
483.5,-6.989526443630285e-10
484.0,-6.989526444774643e-10
484.5,-6.989526445826251e-10
485.0,-6.9895264467916e-10
485.5,-6.989526447676515e-10
486.0,-6.989526448486204e-10
486.5,-6.989526449225286e-10
487.0,-6.989526449897857e-10
487.5,-6.989526450507499e-10
488.0,-6.989526451057328e-10
488.5,-6.989526451550041e-10
489.0,-6.989526451987908e-10
489.5,-6.98952645237281e-10
490.0,-6.989526452706253e-10
490.5,-6.989526452989388e-10
491.0,-6.989526453223019e-10
491.5,-6.989526453407619e-10
492.0,-6.989526453543303e-10
492.5,-6.989526453629899e-10
493.0,-6.98952645366687e-10
493.5,-6.989526453653375e-10
494.0,-6.989526453588243e-10
494.5,-6.989526453469953e-10
495.0,-6.989526453296654e-10
495.5,-6.989526453066156e-10
496.0,-6.989526452775892e-10
496.5,-6.989526452422949e-10
497.0,-6.989526452004027e-10
497.5,-6.989526451515463e-10
498.0,-6.989526450953193e-10
498.5,-6.989526450312776e-10
499.0,-6.989526449589374e-10
499.5,-6.989526448777794e-10
500.0,-6.989526447872463e-10
500.5,-6.989526446867503e-10
501.0,-6.98952644575674e-10
501.5,-6.989526444533799e-10
502.0,-6.989526443192201e-10
502.5,-6.989526441725479e-10
503.0,-6.989526440127371e-10
503.5,-6.989526438392034e-10
504.0,-6.989526436514365e-10
504.5,-6.989526434490352e-10
505.0,-6.989526432317556e-10
505.5,-6.989526429995699e-10
506.0,-6.989526427527341e-10
506.5,-6.98952642491873e-10
507.0,-6.989526422180724e-10
507.5,-6.989526419329889e-10
508.0,-6.989526416389662e-10
508.5,-6.98952641339157e-10
509.0,-6.989526410376449e-10
509.5,-6.989526407395504e-10
510.0,-6.989526404511217e-10
510.5,-6.989526401797774e-10
511.0,-6.989526399340998e-10
511.5,-6.98952639723751e-10
512.0,-6.98952639559305e-10
512.5,-6.989526394519792e-10
513.0,-6.98952639413259e-10
513.5,-6.989526394544399e-10
514.0,-6.989526395860795e-10
514.5,-6.989526398174232e-10
515.0,-6.989526401558185e-10
515.5,-6.989526406061891e-10
516.0,-6.989526411706072e-10
516.5,-6.9895264184802e-10
517.0,-6.989526426341598e-10
517.5,-6.989526435216464e-10
518.0,-6.98952644500292e-10
518.5,-6.98952645557568e-10
519.0,-6.989526466792046e-10
519.5,-6.989526478498506e-10
520.0,-6.989526490537623e-10
520.5,-6.989526502754456e-10
521.0,-6.989526515002171e-10
521.5,-6.989526527146603e-10
522.0,-6.989526539069482e-10
522.5,-6.989526550670397e-10
523.0,-6.989526561867591e-10
523.5,-6.989526572597716e-10
524.0,-6.989526582814818e-10
524.5,-6.989526592488739e-10
525.0,-6.989526601603143e-10
525.5,-6.989526610153494e-10
526.0,-6.989526618144902e-10
526.5,-6.989526625590104e-10
527.0,-6.989526632507689e-10
527.5,-6.989526638920471e-10
528.0,-6.989526644854099e-10
528.5,-6.989526650335962e-10
529.0,-6.989526655394216e-10
529.5,-6.989526660057109e-10
530.0,-6.989526664352414e-10
530.5,-6.989526668307024e-10
531.0,-6.989526671946653e-10
531.5,-6.989526675295681e-10
532.0,-6.989526678377012e-10
532.5,-6.989526681212036e-10
533.0,-6.989526683820608e-10
533.5,-6.9895266862211e-10
534.0,-6.989526688430418e-10
534.5,-6.989526690464078e-10
535.0,-6.989526692336298e-10
535.5,-6.989526694060039e-10
536.0,-6.989526695647109e-10
536.5,-6.989526697108248e-10
537.0,-6.989526698453202e-10
537.5,-6.989526699690774e-10
538.0,-6.989526700828919e-10
538.5,-6.989526701874823e-10
539.0,-6.989526702834926e-10
539.5,-6.989526703715012e-10
540.0,-6.989526704520231e-10
540.5,-6.989526705255158e-10
541.0,-6.98952670592385e-10
541.5,-6.989526706529852e-10
542.0,-6.989526707076259e-10
542.5,-6.989526707565717e-10
543.0,-6.989526708000467e-10
543.5,-6.989526708382366e-10
544.0,-6.989526708712894e-10
544.5,-6.989526708993165e-10
545.0,-6.989526709223973e-10
545.5,-6.989526709405742e-10
546.0,-6.989526709538583e-10
546.5,-6.98952670962228e-10
547.0,-6.989526709656286e-10
547.5,-6.989526709639729e-10
548.0,-6.989526709571409e-10
548.5,-6.989526709449786e-10
549.0,-6.989526709272979e-10
549.5,-6.989526709038764e-10
550.0,-6.989526708744554e-10
550.5,-6.989526708387409e-10
551.0,-6.989526707963992e-10
551.5,-6.98952670747062e-10
552.0,-6.989526706903188e-10
552.5,-6.989526706257242e-10
553.0,-6.989526705527903e-10
553.5,-6.989526704709945e-10
554.0,-6.989526703797783e-10
554.5,-6.9895267027855e-10
555.0,-6.989526701666918e-10
555.5,-6.989526700435646e-10
556.0,-6.989526699085197e-10
556.5,-6.989526697609118e-10
557.0,-6.989526696001166e-10
557.5,-6.989526694255552e-10
558.0,-6.989526692367225e-10
558.5,-6.989526690332292e-10
559.0,-6.989526688148453e-10
559.5,-6.989526685815616e-10
560.0,-6.989526683336601e-10
560.5,-6.989526680717964e-10
561.0,-6.989526677970969e-10
561.5,-6.989526675112661e-10
562.0,-6.989526672167055e-10
562.5,-6.98952666916634e-10
563.0,-6.989526666152109e-10
563.5,-6.989526663176418e-10
564.0,-6.989526660302618e-10
564.5,-6.9895266576058e-10
565.0,-6.989526655172657e-10
565.5,-6.98952665310058e-10
566.0,-6.989526651495912e-10
566.5,-6.98952665047117e-10
567.0,-6.989526650141248e-10
567.5,-6.989526650618731e-10
568.0,-6.989526652008404e-10
568.5,-6.989526654401469e-10
569.0,-6.989526657869728e-10
569.5,-6.989526662460363e-10
570.0,-6.989526668191792e-10
570.5,-6.989526675051033e-10
571.0,-6.989526682992946e-10
571.5,-6.989526691941467e-10
572.0,-6.989526701792722e-10
572.5,-6.989526712419889e-10
573.0,-6.989526723679183e-10
573.5,-6.989526735416555e-10
574.0,-6.989526747474545e-10
574.5,-6.989526759698628e-10
575.0,-6.989526771942812e-10
575.5,-6.989526784074038e-10
576.0,-6.989526795975364e-10
576.5,-6.98952680754778e-10
577.0,-6.989526818710966e-10
577.5,-6.989526829402953e-10
578.0,-6.989526839579062e-10
578.5,-6.989526849210241e-10
579.0,-6.989526858281176e-10
579.5,-6.98952686678812e-10
580.0,-6.989526874736818e-10
580.5,-6.989526882140545e-10
581.0,-6.989526889018275e-10
581.5,-6.989526895393056e-10
582.0,-6.989526901290729e-10
582.5,-6.989526906738757e-10
583.0,-6.989526911765345e-10
583.5,-6.989526916398712e-10
584.0,-6.989526920666573e-10
584.5,-6.989526924595745e-10
585.0,-6.98952692821185e-10
585.5,-6.98952693153915e-10
586.0,-6.989526934600431e-10
586.5,-6.989526937416975e-10
587.0,-6.989526940008525e-10
587.5,-6.989526942393324e-10
588.0,-6.989526944588184e-10
588.5,-6.989526946608524e-10
589.0,-6.989526948468439e-10
589.5,-6.98952695018082e-10
590.0,-6.989526951757386e-10
590.5,-6.989526953208798e-10
591.0,-6.989526954544709e-10
591.5,-6.989526955773886e-10
592.0,-6.989526956904214e-10
592.5,-6.989526957942803e-10
593.0,-6.989526958896061e-10
593.5,-6.989526959769709e-10
594.0,-6.989526960568855e-10
594.5,-6.989526961298044e-10
595.0,-6.989526961961274e-10
595.5,-6.989526962562069e-10
596.0,-6.989526963103483e-10
596.5,-6.989526963588133e-10
597.0,-6.989526964018224e-10
597.5,-6.989526964395593e-10
598.0,-6.989526964721685e-10
598.5,-6.989526964997598e-10
599.0,-6.989526965224074e-10
599.5,-6.989526965401546e-10
600.0,-6.989526965530076e-10
600.5,-6.989526965609432e-10
601.0,-6.989526965639036e-10
601.5,-6.989526965618015e-10
602.0,-6.98952696554511e-10
602.5,-6.989526965418769e-10
603.0,-6.989526965237089e-10
603.5,-6.989526964997813e-10
604.0,-6.989526964698333e-10
604.5,-6.989526964335676e-10
605.0,-6.98952696390648e-10
605.5,-6.989526963407027e-10
606.0,-6.989526962833195e-10
606.5,-6.989526962180476e-10
607.0,-6.989526961443983e-10
607.5,-6.989526960618464e-10
608.0,-6.989526959698285e-10
608.5,-6.989526958677532e-10
609.0,-6.989526957549989e-10
609.5,-6.989526956309267e-10
610.0,-6.98952695494887e-10
610.5,-6.989526953462357e-10
611.0,-6.989526951843507e-10
611.5,-6.98952695008658e-10
612.0,-6.989526948186597e-10
612.5,-6.98952694613977e-10
613.0,-6.989526943943947e-10
613.5,-6.989526941599236e-10
614.0,-6.989526939108704e-10
614.5,-6.989526936479235e-10
615.0,-6.989526933722497e-10
615.5,-6.989526930856028e-10
616.0,-6.989526927904424e-10
616.5,-6.989526924900559e-10
617.0,-6.989526921886789e-10
617.5,-6.989526918916004e-10
618.0,-6.989526916052456e-10
618.5,-6.989526913372134e-10
619.0,-6.989526910962587e-10
619.5,-6.989526908921977e-10
620.0,-6.989526907357224e-10
620.5,-6.989526906381175e-10
621.0,-6.989526906108728e-10
621.5,-6.989526906652055e-10
622.0,-6.989526908115125e-10
622.5,-6.989526910587832e-10
623.0,-6.989526914140286e-10
623.5,-6.989526918817583e-10
624.0,-6.989526924635789e-10
624.5,-6.989526931579485e-10
625.0,-6.989526939601079e-10
625.5,-6.989526948622242e-10
626.0,-6.989526958537161e-10
626.5,-6.98952696921749e-10
627.0,-6.989526980518414e-10
627.5,-6.989526992285394e-10
628.0,-6.989527004360975e-10
628.5,-6.989527016591111e-10
629.0,-6.989527028830652e-10
629.5,-6.989527040947692e-10
630.0,-6.989527052826584e-10
630.5,-6.989527064369781e-10
631.0,-6.989527075498363e-10
631.5,-6.989527086151743e-10
632.0,-6.989527096286496e-10
632.5,-6.989527105874699e-10
633.0,-6.989527114901988e-10
633.5,-6.989527123365412e-10
634.0,-6.989527131271392e-10
634.5,-6.989527138633669e-10
635.0,-6.989527145471585e-10
635.5,-6.989527151808455e-10
636.0,-6.989527157670276e-10
636.5,-6.989527163084604e-10
637.0,-6.989527168079646e-10
637.5,-6.98952717268363e-10
638.0,-6.98952717692419e-10
638.5,-6.989527180828075e-10
639.0,-6.989527184420798e-10
639.5,-6.989527187726509e-10
640.0,-6.989527190767893e-10
640.5,-6.989527193566106e-10
641.0,-6.989527196140779e-10
641.5,-6.989527198510044e-10
642.0,-6.989527200690594e-10
642.5,-6.989527202697746e-10
643.0,-6.989527204545516e-10
643.5,-6.98952720624668e-10
644.0,-6.989527207812893e-10
644.5,-6.989527209254718e-10
645.0,-6.98952721058176e-10
645.5,-6.989527211802687e-10
646.0,-6.989527212925348e-10
646.5,-6.98952721395679e-10
647.0,-6.989527214903357e-10
647.5,-6.989527215770728e-10
648.0,-6.98952721656397e-10
648.5,-6.98952721728757e-10
649.0,-6.989527217945513e-10
649.5,-6.989527218541267e-10
650.0,-6.989527219077853e-10
650.5,-6.989527219557861e-10
651.0,-6.989527219983475e-10
651.5,-6.989527220356479e-10
652.0,-6.989527220678302e-10
652.5,-6.98952722095002e-10
653.0,-6.989527221172353e-10
653.5,-6.989527221345684e-10
654.0,-6.989527221470077e-10
654.5,-6.989527221545272e-10
655.0,-6.989527221570654e-10
655.5,-6.989527221545321e-10
656.0,-6.989527221467999e-10
656.5,-6.98952722133711e-10
657.0,-6.989527221150722e-10
657.5,-6.989527220906554e-10
658.0,-6.98952722060196e-10
658.5,-6.989527220233949e-10
659.0,-6.989527219799129e-10
659.5,-6.989527219293744e-10
660.0,-6.989527218713649e-10
660.5,-6.989527218054312e-10
661.0,-6.989527217310804e-10
661.5,-6.989527216477853e-10
662.0,-6.989527215549804e-10
662.5,-6.989527214520706e-10
663.0,-6.989527213384339e-10
663.5,-6.989527212134293e-10
664.0,-6.989527210764076e-10
664.5,-6.989527209267253e-10
665.0,-6.989527207637635e-10
665.5,-6.989527205869526e-10
666.0,-6.989527203958019e-10
666.5,-6.989527201899438e-10
667.0,-6.989527199691777e-10
667.5,-6.989527197335354e-10
668.0,-6.989527194833493e-10
668.5,-6.989527192193405e-10
669.0,-6.989527189427168e-10
669.5,-6.989527186552821e-10
670.0,-6.989527183595554e-10
670.5,-6.989527180588927e-10
671.0,-6.989527177576058e-10
671.5,-6.989527174610697e-10
672.0,-6.989527171757985e-10
672.5,-6.989527169094802e-10
673.0,-6.989527166709573e-10
673.5,-6.989527164701191e-10
674.0,-6.98952716317716e-10
674.5,-6.989527162250623e-10
675.0,-6.989527162036445e-10
675.5,-6.989527162646379e-10
676.0,-6.989527164183515e-10
676.5,-6.989527166736445e-10
677.0,-6.989527170373512e-10
677.5,-6.989527175137714e-10
678.0,-6.98952718104279e-10
678.5,-6.989527188070828e-10
679.0,-6.989527196171819e-10
679.5,-6.989527205265179e-10
680.0,-6.989527215243178e-10
680.5,-6.98952722597598e-10
681.0,-6.989527237317787e-10
681.5,-6.989527249113588e-10
682.0,-6.989527261205981e-10
682.5,-6.989527273441409e-10
683.0,-6.989527285675621e-10
683.5,-6.989527297777849e-10
684.0,-6.989527309633809e-10
684.5,-6.989527321147348e-10
685.0,-6.989527332240996e-10
685.5,-6.989527342855509e-10
686.0,-6.98952735294873e-10
686.5,-6.989527362493848e-10
687.0,-6.989527371477446e-10
687.5,-6.989527379897369e-10
688.0,-6.989527387760657e-10
688.5,-6.989527395081554e-10
689.0,-6.98952740187975e-10
689.5,-6.989527408178816e-10
690.0,-6.989527414004904e-10
690.5,-6.989527419385643e-10
691.0,-6.989527424349277e-10
691.5,-6.989527428923989e-10
692.0,-6.98952743313738e-10
692.5,-6.989527437016082e-10
693.0,-6.989527440585527e-10
693.5,-6.989527443869768e-10
694.0,-6.989527446891353e-10
694.5,-6.989527449671325e-10
695.0,-6.989527452229194e-10
695.5,-6.98952745458299e-10
696.0,-6.989527456749297e-10
696.5,-6.989527458743327e-10
697.0,-6.989527460578991e-10
697.5,-6.989527462268992e-10
698.0,-6.989527463824879e-10
698.5,-6.989527465257154e-10
699.0,-6.989527466575341e-10
699.5,-6.989527467788044e-10
700.0,-6.989527468903042e-10
700.5,-6.989527469927337e-10
701.0,-6.989527470867217e-10
701.5,-6.989527471728311e-10
702.0,-6.989527472515634e-10
702.5,-6.989527473233642e-10
703.0,-6.989527473886274e-10
703.5,-6.989527474476967e-10
704.0,-6.989527475008705e-10
704.5,-6.989527475484048e-10
705.0,-6.989527475905143e-10
705.5,-6.989527476273762e-10
706.0,-6.98952747659129e-10
706.5,-6.989527476858779e-10
707.0,-6.989527477076934e-10
707.5,-6.989527477246104e-10
708.0,-6.989527477366327e-10
708.5,-6.989527477437314e-10
709.0,-6.989527477458442e-10
709.5,-6.989527477428764e-10
710.0,-6.989527477346996e-10
710.5,-6.989527477211523e-10
711.0,-6.989527477020402e-10
711.5,-6.989527476771304e-10
712.0,-6.989527476461575e-10
712.5,-6.989527476088184e-10
713.0,-6.989527475647711e-10
713.5,-6.989527475136378e-10
714.0,-6.989527474550006e-10
714.5,-6.989527473884022e-10
715.0,-6.989527473133495e-10
715.5,-6.989527472293093e-10
716.0,-6.989527471357164e-10
716.5,-6.989527470319721e-10
717.0,-6.989527469174525e-10
717.5,-6.989527467915165e-10
718.0,-6.989527466535139e-10
718.5,-6.989527465028025e-10
719.0,-6.989527463387668e-10
719.5,-6.989527461608413e-10
720.0,-6.989527459685445e-10
720.5,-6.989527457615182e-10
721.0,-6.989527455395787e-10
721.5,-6.989527453027764e-10
722.0,-6.989527450514719e-10
722.5,-6.989527447864197e-10
723.0,-6.989527445088687e-10
723.5,-6.989527442206739e-10
724.0,-6.989527439244137e-10
724.5,-6.989527436235126e-10
725.0,-6.989527433223631e-10
725.5,-6.989527430264227e-10
726.0,-6.989527427422962e-10
726.5,-6.989527424777627e-10
727.0,-6.989527422417471e-10
727.5,-6.989527420442147e-10
728.0,-6.989527418959718e-10
728.5,-6.989527418083595e-10
729.0,-6.989527417928599e-10
729.5,-6.98952741860602e-10
730.0,-6.989527420218054e-10
730.5,-6.98952742285192e-10
731.0,-6.989527426574209e-10
731.5,-6.98952743142579e-10
732.0,-6.989527437418038e-10
732.5,-6.989527444530563e-10
733.0,-6.989527452710938e-10
733.5,-6.989527461876352e-10
734.0,-6.989527471917187e-10
734.5,-6.989527482702144e-10
735.0,-6.989527494084473e-10
735.5,-6.989527505908745e-10
736.0,-6.989527518017629e-10
736.5,-6.989527530258122e-10
737.0,-6.989527542486853e-10
737.5,-6.989527554574231e-10
738.0,-6.989527566407319e-10
738.5,-6.9895275778914e-10
739.0,-6.98952758895041e-10
739.5,-6.989527599526493e-10
740.0,-6.98952760957871e-10
740.5,-6.989527619081358e-10
741.0,-6.98952762802196e-10
741.5,-6.989527636399147e-10
742.0,-6.989527644220572e-10
742.5,-6.989527651500961e-10
743.0,-6.989527658260351e-10
743.5,-6.989527664522561e-10
744.0,-6.989527670313889e-10
744.5,-6.98952767566204e-10
745.0,-6.989527680595275e-10
745.5,-6.989527685141749e-10
746.0,-6.989527689328998e-10
746.5,-6.989527693183574e-10
747.0,-6.989527696730812e-10
747.5,-6.989527699994635e-10
748.0,-6.989527702997494e-10
748.5,-6.989527705760307e-10
749.0,-6.989527708302471e-10
749.5,-6.989527710641901e-10
750.0,-6.989527712795068e-10
750.5,-6.989527714777093e-10
751.0,-6.989527716601793e-10
751.5,-6.989527718281758e-10
752.0,-6.98952771982848e-10
752.5,-6.989527721252367e-10
753.0,-6.989527722562877e-10
753.5,-6.989527723768555e-10
754.0,-6.989527724877104e-10
754.5,-6.989527725895476e-10
755.0,-6.989527726829908e-10
755.5,-6.989527727685976e-10
756.0,-6.989527728468654e-10
756.5,-6.989527729182354e-10
757.0,-6.989527729830977e-10
757.5,-6.989527730417929e-10
758.0,-6.989527730946153e-10
758.5,-6.989527731418172e-10
759.0,-6.98952773183612e-10
759.5,-6.989527732201722e-10
760.0,-6.989527732516349e-10
760.5,-6.989527732781011e-10
761.0,-6.989527732996392e-10
761.5,-6.989527733162821e-10
762.0,-6.989527733280317e-10
762.5,-6.989527733348547e-10
763.0,-6.989527733366872e-10
763.5,-6.989527733334318e-10
764.0,-6.989527733249577e-10
764.5,-6.98952773311101e-10
765.0,-6.98952773291663e-10
765.5,-6.989527732664106e-10
766.0,-6.989527732350741e-10
766.5,-6.989527731973471e-10
767.0,-6.989527731528863e-10
767.5,-6.989527731013093e-10
768.0,-6.989527730421954e-10
768.5,-6.989527729750853e-10
769.0,-6.989527728994822e-10
769.5,-6.989527728148503e-10
770.0,-6.989527727206214e-10
770.5,-6.989527726161951e-10
771.0,-6.989527725009457e-10
771.5,-6.989527723742305e-10
772.0,-6.989527722354002e-10
772.5,-6.989527720838138e-10
773.0,-6.989527719188566e-10
773.5,-6.989527717399712e-10
774.0,-6.989527715466818e-10
774.5,-6.98952771338643e-10
775.0,-6.989527711156858e-10
775.5,-6.989527708778817e-10
776.0,-6.989527706256183e-10
776.5,-6.989527703596847e-10
777.0,-6.989527700813716e-10
777.5,-6.989527697925853e-10
778.0,-6.989527694959648e-10
778.5,-6.989527691950041e-10
779.0,-6.989527688941739e-10
779.5,-6.989527685990179e-10
780.0,-6.989527683162291e-10
780.5,-6.989527680536772e-10
781.0,-6.989527678203721e-10
781.5,-6.989527676263516e-10
782.0,-6.989527674824723e-10
782.5,-6.989527674001043e-10
783.0,-6.989527673907196e-10
783.5,-6.989527674653985e-10
784.0,-6.989527676342664e-10
784.5,-6.989527679059076e-10
785.0,-6.989527682867984e-10
785.5,-6.989527687808138e-10
786.0,-6.989527693888525e-10
786.5,-6.989527701086293e-10
787.0,-6.989527709346591e-10
787.5,-6.989527718584423e-10
788.0,-6.989527728688302e-10
788.5,-6.989527739525511e-10
789.0,-6.989527750948403e-10
789.5,-6.989527762801167e-10
790.0,-6.989527774926581e-10
790.5,-6.989527787172213e-10
791.0,-6.989527799395607e-10
791.5,-6.989527811468377e-10
792.0,-6.989527823278932e-10
792.5,-6.989527834733968e-10
793.0,-6.989527845758873e-10
793.5,-6.9895278562971e-10
794.0,-6.98952786630897e-10
794.5,-6.98952787576986e-10
795.0,-6.989527884668213e-10
795.5,-6.989527893003426e-10
796.0,-6.989527900783752e-10
796.5,-6.989527908024397e-10
797.0,-6.989527914745729e-10
797.5,-6.989527920971812e-10
798.0,-6.989527926729073e-10
798.5,-6.989527932045287e-10
799.0,-6.989527936948739e-10
799.5,-6.989527941467541e-10
800.0,-6.98952794562917e-10
800.5,-6.989527949460098e-10
801.0,-6.989527952985546e-10
801.5,-6.989527956229335e-10
802.0,-6.989527959213795e-10
802.5,-6.989527961959728e-10
803.0,-6.989527964486421e-10
803.5,-6.989527966811663e-10
804.0,-6.989527968951836e-10
804.5,-6.989527970921944e-10
805.0,-6.989527972735711e-10
805.5,-6.989527974405653e-10
806.0,-6.989527975943156e-10
806.5,-6.989527977358561e-10
807.0,-6.989527978661262e-10
807.5,-6.989527979859722e-10
808.0,-6.989527980961588e-10
808.5,-6.989527981973768e-10
809.0,-6.989527982902425e-10
809.5,-6.989527983753106e-10
810.0,-6.989527984530731e-10
810.5,-6.98952798523968e-10
811.0,-6.989527985883801e-10
811.5,-6.98952798646647e-10
812.0,-6.989527986990602e-10
812.5,-6.989527987458684e-10
813.0,-6.989527987872822e-10
813.5,-6.989527988234706e-10
814.0,-6.989527988545691e-10
814.5,-6.989527988806756e-10
815.0,-6.989527989018554e-10
815.5,-6.989527989181395e-10
816.0,-6.98952798929526e-10
816.5,-6.989527989359809e-10
817.0,-6.989527989374372e-10
817.5,-6.989527989337942e-10
818.0,-6.989527989249196e-10
818.5,-6.989527989106466e-10
819.0,-6.98952798890774e-10
819.5,-6.989527988650654e-10
820.0,-6.989527988332489e-10
820.5,-6.989527987950148e-10
821.0,-6.989527987500172e-10
821.5,-6.989527986978707e-10
822.0,-6.98952798638152e-10
822.5,-6.989527985703984e-10
823.0,-6.989527984941104e-10
823.5,-6.989527984087498e-10
824.0,-6.989527983137452e-10
824.5,-6.989527982084946e-10
825.0,-6.98952798092371e-10
825.5,-6.989527979647296e-10
826.0,-6.989527978249222e-10
826.5,-6.989527976723084e-10
827.0,-6.989527975062788e-10
827.5,-6.989527973262783e-10
828.0,-6.98952797131842e-10
828.5,-6.989527969226349e-10
829.0,-6.98952796698504e-10
829.5,-6.989527964595437e-10
830.0,-6.989527962061684e-10
830.5,-6.989527959392011e-10
831.0,-6.989527956599773e-10
831.5,-6.989527953704541e-10
832.0,-6.989527950733323e-10
832.5,-6.989527947721777e-10
833.0,-6.989527944715382e-10
833.5,-6.98952794177045e-10
834.0,-6.989527938954808e-10
834.5,-6.989527936348049e-10
835.0,-6.989527934041112e-10
835.5,-6.989527932135093e-10
836.0,-6.989527930739079e-10
836.5,-6.989527929966984e-10
837.0,-6.989527929933437e-10
837.5,-6.98952793074869e-10
838.0,-6.989527932513026e-10
838.5,-6.989527935310872e-10
839.0,-6.989527939205147e-10
839.5,-6.989527944232435e-10
840.0,-6.989527950399318e-10
840.5,-6.989527957680478e-10
841.0,-6.989527966018656e-10
841.5,-6.989527975326669e-10
842.0,-6.989527985491196e-10
842.5,-6.989527996378153e-10
843.0,-6.989528007839013e-10
843.5,-6.989528019717638e-10
844.0,-6.989528031856966e-10
844.5,-6.98952804410515e-10
845.0,-6.989528056320698e-10
845.5,-6.989528068376437e-10
846.0,-6.989528080162136e-10
846.5,-6.989528091585944e-10
847.0,-6.989528102574642e-10
847.5,-6.989528113073051e-10
848.0,-6.989528123042715e-10
848.5,-6.989528132460075e-10
849.0,-6.989528141314494e-10
849.5,-6.989528149606123e-10
850.0,-6.989528157343819e-10
850.5,-6.989528164543237e-10
851.0,-6.989528171225087e-10
851.5,-6.989528177413642e-10
852.0,-6.989528183135477e-10
852.5,-6.98952818841843e-10
853.0,-6.989528193290797e-10
853.5,-6.989528197780655e-10
854.0,-6.989528201915408e-10
854.5,-6.989528205721449e-10
855.0,-6.989528209223889e-10
855.5,-6.989528212446437e-10
856.0,-6.989528215411315e-10
856.5,-6.989528218139192e-10
857.0,-6.989528220649247e-10
857.5,-6.989528222959173e-10
858.0,-6.989528225085223e-10
858.5,-6.989528227042303e-10
859.0,-6.989528228844053e-10
859.5,-6.989528230502887e-10
860.0,-6.989528232030109e-10
860.5,-6.989528233435999e-10
861.0,-6.989528234729854e-10
861.5,-6.989528235920086e-10
862.0,-6.9895282370143e-10
862.5,-6.989528238019305e-10
863.0,-6.98952823894125e-10
863.5,-6.989528239785616e-10
864.0,-6.989528240557278e-10
864.5,-6.989528241260587e-10
865.0,-6.989528241899343e-10
865.5,-6.98952824247689e-10
866.0,-6.989528242996099e-10
866.5,-6.989528243459451e-10
867.0,-6.989528243868992e-10
867.5,-6.989528244226396e-10
868.0,-6.989528244532994e-10
868.5,-6.989528244789735e-10
869.0,-6.989528244997254e-10
869.5,-6.989528245155817e-10
870.0,-6.989528245265401e-10
870.5,-6.989528245325632e-10
871.0,-6.989528245335805e-10
871.5,-6.989528245294906e-10
872.0,-6.989528245201575e-10
872.5,-6.98952824505412e-10
873.0,-6.9895282448505e-10
873.5,-6.989528244588332e-10
874.0,-6.98952824426486e-10
874.5,-6.989528243876964e-10
875.0,-6.989528243421151e-10
875.5,-6.989528242893545e-10
876.0,-6.989528242289882e-10
876.5,-6.989528241605494e-10
877.0,-6.989528240835372e-10
877.5,-6.989528239974097e-10
878.0,-6.989528239015939e-10
878.5,-6.989528237954841e-10
879.0,-6.989528236784533e-10
879.5,-6.989528235498548e-10
880.0,-6.989528234090403e-10
880.5,-6.989528232553727e-10
881.0,-6.989528230882438e-10
881.5,-6.989528229071044e-10
882.0,-6.989528227114984e-10
882.5,-6.989528225011026e-10
883.0,-6.989528222757806e-10
883.5,-6.989528220356481e-10
884.0,-6.989528217811482e-10
884.5,-6.989528215131384e-10
885.0,-6.989528212329994e-10
885.5,-6.989528209427404e-10
886.0,-6.989528206451241e-10
886.5,-6.989528203437877e-10
887.0,-6.989528200433605e-10
887.5,-6.989528197495584e-10
888.0,-6.989528194692554e-10
888.5,-6.989528192105012e-10
889.0,-6.989528189824724e-10
889.5,-6.989528187953479e-10
890.0,-6.989528186600878e-10
890.5,-6.989528185881047e-10
891.0,-6.98952818590846e-10
891.5,-6.989528186792816e-10
892.0,-6.98952818863339e-10
892.5,-6.989528191513138e-10
893.0,-6.989528195493133e-10
893.5,-6.989528200607751e-10
894.0,-6.989528206861168e-10
894.5,-6.989528214225593e-10
895.0,-6.989528222641369e-10
895.5,-6.989528232019143e-10
896.0,-6.989528242243804e-10
896.5,-6.989528253179909e-10
897.0,-6.989528264678106e-10
897.5,-6.989528276581948e-10
898.0,-6.989528288734577e-10
898.5,-6.989528300984762e-10
899.0,-6.989528313191996e-10
899.5,-6.98952832523032e-10
900.0,-6.989528336990885e-10
900.5,-6.989528348383262e-10
901.0,-6.989528359335677e-10
901.5,-6.989528369794273e-10
902.0,-6.989528379721795e-10
902.5,-6.98952838909577e-10
903.0,-6.989528397906466e-10
903.5,-6.989528406154762e-10
904.0,-6.989528413850116e-10
904.5,-6.989528421008615e-10
905.0,-6.989528427651297e-10
905.5,-6.989528433802662e-10
906.0,-6.98952843948942e-10
906.5,-6.989528444739457e-10
907.0,-6.98952844958108e-10
907.5,-6.989528454042324e-10
908.0,-6.989528458150539e-10
908.5,-6.989528461932013e-10
909.0,-6.989528465411757e-10
909.5,-6.989528468613378e-10
910.0,-6.989528471558958e-10
910.5,-6.989528474269079e-10
911.0,-6.989528476762784e-10
911.5,-6.98952847905765e-10
912.0,-6.989528481169831e-10
912.5,-6.989528483114144e-10
913.0,-6.989528484904109e-10
913.5,-6.989528486552073e-10
914.0,-6.989528488069259e-10
914.5,-6.989528489465846e-10
915.0,-6.989528490751085e-10
915.5,-6.989528491933312e-10
916.0,-6.989528493020061e-10
916.5,-6.989528494018108e-10
917.0,-6.989528494933526e-10
917.5,-6.989528495771764e-10
918.0,-6.989528496537658e-10
918.5,-6.9895284972355e-10
919.0,-6.989528497869061e-10
919.5,-6.989528498441652e-10
920.0,-6.989528498956115e-10
920.5,-6.989528499414882e-10
921.0,-6.989528499819977e-10
921.5,-6.989528500173063e-10
922.0,-6.989528500475412e-10
922.5,-6.989528500727977e-10
923.0,-6.989528500931342e-10
923.5,-6.989528501085761e-10
924.0,-6.989528501191183e-10
924.5,-6.989528501247208e-10
925.0,-6.98952850125311e-10
925.5,-6.989528501207845e-10
926.0,-6.989528501110033e-10
926.5,-6.989528500957945e-10
927.0,-6.989528500749522e-10
927.5,-6.989528500482352e-10
928.0,-6.989528500153653e-10
928.5,-6.989528499760272e-10
929.0,-6.989528499298692e-10
929.5,-6.989528498765002e-10
930.0,-6.989528498154903e-10
930.5,-6.98952849746372e-10
931.0,-6.989528496686379e-10
931.5,-6.98952849581747e-10
932.0,-6.98952849485121e-10
932.5,-6.989528493781542e-10
933.0,-6.98952849260217e-10
933.5,-6.989528491306624e-10
934.0,-6.989528489888425e-10
934.5,-6.989528488341205e-10
935.0,-6.989528486658926e-10
935.5,-6.989528484836163e-10
936.0,-6.989528482868424e-10
936.5,-6.989528480752608e-10
937.0,-6.989528478487532e-10
937.5,-6.989528476074557e-10
938.0,-6.989528473518409e-10
938.5,-6.989528470828033e-10
939.0,-6.989528468017665e-10
939.5,-6.989528465107938e-10
940.0,-6.989528462127108e-10
940.5,-6.989528459112268e-10
941.0,-6.989528456110502e-10
941.5,-6.989528453179858e-10
942.0,-6.989528450389965e-10
942.5,-6.9895284478222e-10
943.0,-6.989528445569172e-10
943.5,-6.989528443733359e-10
944.0,-6.989528442424828e-10
944.5,-6.989528441757901e-10
945.0,-6.989528441846862e-10
945.5,-6.989528442800832e-10
946.0,-6.989528444718031e-10
946.5,-6.989528447679938e-10
947.0,-6.989528451745735e-10
947.5,-6.989528456947569e-10
948.0,-6.989528463287229e-10
948.5,-6.989528470734425e-10
949.0,-6.989528479227141e-10
949.5,-6.989528488673872e-10
950.0,-6.989528498957747e-10
950.5,-6.989528509942023e-10
951.0,-6.989528521476548e-10
951.5,-6.989528533404618e-10
952.0,-6.989528545569592e-10
952.5,-6.989528557820901e-10
953.0,-6.989528570019042e-10
953.5,-6.989528582039275e-10
954.0,-6.989528593774144e-10
954.5,-6.989528605134669e-10
955.0,-6.98952861605046e-10
955.5,-6.989528626469004e-10
956.0,-6.989528636354247e-10
956.5,-6.989528645684764e-10
957.0,-6.989528654451727e-10
957.5,-6.98952866265673e-10
958.0,-6.98952867030981e-10
958.5,-6.989528677427506e-10
959.0,-6.98952868403116e-10
959.5,-6.98952869014548e-10
960.0,-6.989528695797306e-10
960.5,-6.989528701014588e-10
961.0,-6.989528705825615e-10
961.5,-6.989528710258408e-10
962.0,-6.989528714340227e-10
962.5,-6.989528718097276e-10
963.0,-6.989528721554464e-10
963.5,-6.98952872473528e-10
964.0,-6.989528727661694e-10
964.5,-6.989528730354165e-10
965.0,-6.989528732831627e-10
965.5,-6.989528735111551e-10
966.0,-6.989528737209982e-10
966.5,-6.989528739141616e-10
967.0,-6.989528740919918e-10
967.5,-6.989528742557105e-10
968.0,-6.989528744064339e-10
968.5,-6.989528745451733e-10
969.0,-6.989528746728451e-10
969.5,-6.989528747902774e-10
970.0,-6.989528748982158e-10
970.5,-6.989528749973351e-10
971.0,-6.989528750882361e-10
971.5,-6.989528751714591e-10
972.0,-6.989528752474833e-10
972.5,-6.989528753167335e-10
973.0,-6.989528753795837e-10
973.5,-6.989528754363611e-10
974.0,-6.98952875487347e-10
974.5,-6.989528755327809e-10
975.0,-6.989528755728629e-10
975.5,-6.989528756077559e-10
976.0,-6.98952875637585e-10
976.5,-6.98952875662442e-10
977.0,-6.989528756823829e-10
977.5,-6.989528756974327e-10
978.0,-6.989528757075803e-10
978.5,-6.989528757127857e-10
979.0,-6.989528757129727e-10
979.5,-6.989528757080349e-10
980.0,-6.989528756978311e-10
980.5,-6.989528756821875e-10
981.0,-6.989528756608942e-10
981.5,-6.989528756337063e-10
982.0,-6.989528756003447e-10
982.5,-6.989528755604905e-10
983.0,-6.98952875513789e-10
983.5,-6.989528754598459e-10
984.0,-6.989528753982292e-10
984.5,-6.98952875328468e-10
985.0,-6.98952875250052e-10
985.5,-6.989528751624371e-10
986.0,-6.989528750650437e-10
986.5,-6.989528749572633e-10
987.0,-6.989528748384643e-10
987.5,-6.989528747079995e-10
988.0,-6.989528745652222e-10
988.5,-6.989528744094959e-10
989.0,-6.98952874240221e-10
989.5,-6.989528740568615e-10
990.0,-6.989528738589765e-10
990.5,-6.989528736462696e-10
991.0,-6.989528734186378e-10
991.5,-6.989528731762418e-10
992.0,-6.989528729195826e-10
992.5,-6.989528726495918e-10
993.0,-6.98952872367738e-10
993.5,-6.989528720761384e-10
994.0,-6.989528717776829e-10
994.5,-6.98952871476154e-10
995.0,-6.9895287117634e-10
995.5,-6.989528708841339e-10
996.0,-6.98952870606589e-10
996.5,-6.989528703519329e-10
997.0,-6.989528701295069e-10
997.5,-6.989528699496275e-10
998.0,-6.989528698233463e-10
998.5,-6.989528697621126e-10
999.0,-6.989528697773347e-10
999.5,-6.989528698798602e-10
1000.0,-6.989528700794035e-10
